iter	MultiClass
0	4.304836919
1	4.251945765
2	4.050274494
3	3.8652068
4	3.723732264
5	3.580484642
6	3.386802914
7	3.20073387
8	3.180201218
9	3.086036289
10	3.01513159
11	2.989100677
12	2.971757728
13	2.923040846
14	2.848191678
15	2.707983081
16	2.655432204
17	2.590847775
18	2.505748546
19	2.359057167
