iter	MultiClass
0	4.334588151
1	4.195918499
2	4.017653364
3	3.956048497
4	3.855588149
5	3.776293045
6	3.766071795
7	3.603812972
8	3.530329798
9	3.421608638
10	3.380445967
11	3.330645156
12	3.256599474
13	3.232830366
14	3.21422383
15	3.186588697
16	3.051281372
17	3.030879205
18	2.996668476
19	2.967475199
